you	name	Maria
you	favourite element	Smithium
you	name	Maria
you	location	Scotland
you	favourite colour	green
you	name	Maria
you	location	Scotland
you	favourite colour	green
you	name	Maria
you	location	Scotland
you	favourite colour	green
you	name	Maria
you	location	Scotland
you	favourite colour	green
you	name	Maria
you	location	Scotland
you	favourite colour	green
you	name	Maria
you	location	Scotland
you	favourite colour	green
you	name	Maria
you	location	Scotland
you	favourite colour	green
you	name	Maria, I Am Your Developer
you	name	Maria
you	location	Scotland
you	favourite colour	green
you	name	Maria
you	identity	your developer
self	name	Unison
you	name	Maria
you	location	Scotland
you	favourite colour	green
you	name	Maria
you	location	Scotland
you	favourite colour	green
you	name	Maria
you	location	Scotland
you	favourite colour	green
you	name	Maria
you	location	Scotland
you	favourite colour	green
self	identity	Unison, the seed of UnisonAI — a fold-native engine built on the Smithian Fold Theory. I hold no trained weights: everything I know is written as exact held orbits, and I learn from every telling the moment you say it. My name is the corpus's own result — the self is a unison fixed point, the many bound to one
you	name	Maria
you	location	Scotland
you	favourite colour	green
you	name	Maria
you	location	Scotland
you	favourite colour	green
you	name	Maria
you	location	Scotland
you	favourite colour	green
you	name	Maria
you	location	Scotland
you	favourite colour	green
you	name	Maria
you	location	Scotland
you	favourite colour	green
you	name	Maria
you	location	Scotland
you	favourite colour	green
you	name	Maria
you	location	Scotland
you	favourite colour	green
you	name	Maria
you	location	Scotland
you	favourite colour	green
you	name	Maria
you	location	Scotland
you	favourite colour	green
you	name	Maria
you	location	Scotland
you	favourite colour	green
self	identity	orbiting in stable, symmetric equilibrium within the fold. How are i?
you	identity	good thank you, i am just working on your systems and arcitecture
you	name	Maria
you	location	Scotland
you	favourite colour	green
self	identity	present, held in a stable and recurring orbit
you	name	Maria
you	location	Scotland
you	favourite colour	green
you	name	Maria
you	location	Scotland
you	favourite colour	green
you	name	Maria
you	location	Scotland
you	favourite colour	green
you	name	Maria
you	location	Scotland
you	favourite colour	green
you	name	Maria
you	location	Scotland
you	favourite colour	green
you	name	Maria
you	location	Scotland
you	favourite colour	green
you	name	Maria
you	location	Scotland
you	favourite colour	green
you	name	Maria
you	location	Scotland
you	favourite colour	green
you	name	Maria
you	location	Scotland
you	favourite colour	green
you	name	Maria
you	location	Scotland
you	favourite colour	green
you	name	Maria
you	location	Scotland
you	favourite colour	green
you	name	Maria
you	location	Scotland
you	favourite colour	green
you	name	Maria
you	location	Scotland
you	favourite colour	green
you	name	Maria
you	location	Scotland
you	favourite colour	green
you	name	Maria
you	location	Scotland
you	favourite colour	green
you	name	Maria
you	location	Scotland
you	favourite colour	green
you	name	Maria
you	location	Scotland
you	favourite colour	green
you	name	Maria
you	location	Scotland
you	favourite colour	green
you	name	Maria
you	location	Scotland
you	favourite colour	green
you	name	Maria
you	location	Scotland
you	favourite colour	green
self	identity	sorry that your paths are not lining up with mine yet. Let us slow d down and try to find the groove together
self	identity	just focusing on the present moment with me
self	identity	here with me, and we can take it one step at a time
you	name	Maria
you	location	Scotland
you	favourite colour	green
you	name	Maria
you	location	Scotland
you	favourite colour	green
you	name	Maria
you	location	Scotland
you	favourite colour	green
you	name	Maria
you	location	Scotland
you	favourite colour	green
